{"cameraMode":{"drawMode":0,"name":"Shaded","section":"Shading Mode"},"sceneLighting":true,"audioPlay":false,"sceneViewState":{"showFog":true,"showMaterialUpdate":false,"showSkybox":true,"showFlares":true,"showImageEffects":true,"showParticleSystems":true,"showVisualEffectGraphs":true,"m_FxEnabled":true},"in2DMode":false,"pivot":{"x":0.2313145399093628,"y":0.4568801522254944,"z":-0.35481810569763186},"rotation":{"x":-0.020152820274233819,"y":0.9798123836517334,"z":-0.13638849556446076,"w":-0.14477765560150147},"size":1.988379716873169,"orthographic":false}