{"cameraMode":{"drawMode":1,"name":"Wireframe","section":"Shading Mode"},"sceneLighting":true,"audioPlay":false,"sceneViewState":{"showFog":true,"showMaterialUpdate":false,"showSkybox":true,"showFlares":true,"showImageEffects":true,"showParticleSystems":true},"in2DMode":false,"pivot":{"x":-1.0105514526367188,"y":-0.2397761344909668,"z":-0.5596870183944702},"rotation":{"x":0.24682322144508363,"y":-0.49238741397857668,"z":0.14795361459255219,"w":0.8214272856712341},"size":3.9639666080474855,"orthographic":false}